{
    "docs": [
        {
            "provincia": "Azuay",
            "url": "https://es.wikipedia.org/wiki/Provincia_de_Azuay",
            "img": "https://upload.wikimedia.org/wikipedia/commons/thumb/a/aa/Bandera_Provincia_Azuay.svg/120px-Bandera_Provincia_Azuay.svg.png"
        },
        {
            "provincia": "Bolívar",
            "url": "https://es.wikipedia.org/wiki/Provincia_de_Bol%C3%ADvar_(Ecuador)",
            "img": "https://upload.wikimedia.org/wikipedia/commons/thumb/5/5e/Bandera_Provincia_Bol%C3%ADvar.svg/120px-Bandera_Provincia_Bol%C3%ADvar.svg.png"
        },
        {
            "provincia": "Cañar",
            "url": "https://es.wikipedia.org/wiki/Provincia_de_Ca%C3%B1ar",
            "img": "https://upload.wikimedia.org/wikipedia/commons/thumb/8/85/Bandera_Provincia_Ca%C3%B1ar.svg/120px-Bandera_Provincia_Ca%C3%B1ar.svg.png"
        },
        {
            "provincia": "Carchi",
            "url": "https://es.wikipedia.org/wiki/Provincia_de_Carchi",
            "img": "https://upload.wikimedia.org/wikipedia/commons/thumb/9/97/Bandera_Provincia_Carchi.svg/120px-Bandera_Provincia_Carchi.svg.png"
        },
        {
            "provincia": "Chimborazo",
            "url": "https://es.wikipedia.org/wiki/Provincia_de_Chimborazo",
            "img": "https://upload.wikimedia.org/wikipedia/commons/thumb/1/14/Bandera_Provincia_Chimborazo.svg/120px-Bandera_Provincia_Chimborazo.svg.png"
        },
        {
            "provincia": "Cotopaxi",
            "url": "https://es.wikipedia.org/wiki/Provincia_de_Cotopaxi",
            "img": "https://upload.wikimedia.org/wikipedia/commons/thumb/8/86/Bandera_Provincia_Cotopaxi.svg/120px-Bandera_Provincia_Cotopaxi.svg.png"
        },
        {
            "provincia": "El Oro",
            "url": "https://es.wikipedia.org/wiki/Provincia_de_El_Oro",
            "img": "https://upload.wikimedia.org/wikipedia/commons/thumb/2/20/Bandera_Provincia_El_Oro.svg/120px-Bandera_Provincia_El_Oro.svg.png"
        },
        {
            "provincia": "Esmeraldas",
            "url": "https://es.wikipedia.org/wiki/Provincia_de_Esmeraldas",
            "img": "https://upload.wikimedia.org/wikipedia/commons/thumb/9/91/Bandera_Provincia_Esmeraldas.svg/120px-Bandera_Provincia_Esmeraldas.svg.png"
        },
        {
            "provincia": "Galápagos",
            "url": "https://es.wikipedia.org/wiki/Provincia_de_Gal%C3%A1pagos",
            "img": "https://upload.wikimedia.org/wikipedia/commons/thumb/1/19/Bandera_Provincia_Gal%C3%A1pagos.svg/120px-Bandera_Provincia_Gal%C3%A1pagos.svg.png"
        },
        {
            "provincia": "Guayas",
            "url": "https://es.wikipedia.org/wiki/Provincia_del_Guayas",
            "img": "https://upload.wikimedia.org/wikipedia/commons/thumb/7/7c/Bandera_Provincia_Guayas.svg/120px-Bandera_Provincia_Guayas.svg.png"
        },
        {
            "provincia": "Imbabura",
            "url": "https://es.wikipedia.org/wiki/Provincia_de_Imbabura",
            "img": "https://upload.wikimedia.org/wikipedia/commons/thumb/d/dc/Bandera_Provincia_Imbabura.svg/120px-Bandera_Provincia_Imbabura.svg.png"
        },
        {
            "provincia": "Loja",
            "url": "https://es.wikipedia.org/wiki/Provincia_de_Loja",
            "img": "https://upload.wikimedia.org/wikipedia/commons/thumb/9/97/Bandera_Provincia_Loja.svg/120px-Bandera_Provincia_Loja.svg.png"
        },
        {
            "provincia": "Los Ríos",
            "url": "https://es.wikipedia.org/wiki/Provincia_de_Los_R%C3%ADos",
            "img": "https://upload.wikimedia.org/wikipedia/commons/thumb/e/e5/Bandera_de_Los_R%C3%ADos.svg/120px-Bandera_de_Los_R%C3%ADos.svg.png"
        },
        {
            "provincia": "Manabí",
            "url": "https://es.wikipedia.org/wiki/Provincia_de_Manab%C3%AD",
            "img": "https://upload.wikimedia.org/wikipedia/commons/thumb/6/68/Bandera_Provincia_Manab%C3%AD.svg/120px-Bandera_Provincia_Manab%C3%AD.svg.png"
        },
        {
            "provincia": "Morona Santiago",
            "url": "https://es.wikipedia.org/wiki/Provincia_de_Morona_Santiago",
            "img": "https://upload.wikimedia.org/wikipedia/commons/thumb/a/a5/Bandera_Provincia_Morona_Santiago.svg/120px-Bandera_Provincia_Morona_Santiago.svg.png"
        },
        {
            "provincia": "Napo",
            "url": "https://es.wikipedia.org/wiki/Provincia_de_Napo",
            "img": "https://upload.wikimedia.org/wikipedia/commons/thumb/6/6a/Bandera_Provincia_Napo.svg/120px-Bandera_Provincia_Napo.svg.png"
        },
        {
            "provincia": "Orellana",
            "url": "https://es.wikipedia.org/wiki/Provincia_de_Orellana",
            "img": "https://upload.wikimedia.org/wikipedia/commons/thumb/0/0f/Bandera_Provincia_Orellana.svg/120px-Bandera_Provincia_Orellana.svg.png"
        },
        {
            "provincia": "Pastaza",
            "url": "https://es.wikipedia.org/wiki/Provincia_de_Pastaza",
            "img": "https://upload.wikimedia.org/wikipedia/commons/thumb/3/3f/Bandera_Provincia_Pastaza.svg/120px-Bandera_Provincia_Pastaza.svg.png"
        },
        {
            "provincia": "Pichincha",
            "url": "https://es.wikipedia.org/wiki/Provincia_de_Pichincha",
            "img": "https://upload.wikimedia.org/wikipedia/commons/thumb/8/82/Bandera_Provincia_Pichincha.svg/120px-Bandera_Provincia_Pichincha.svg.png"
        },
        {
            "provincia": "Santa Elena",
            "url": "https://es.wikipedia.org/wiki/Provincia_de_Santa_Elena",
            "img": "https://upload.wikimedia.org/wikipedia/commons/thumb/8/88/Santa_Elena_flag.png/120px-Santa_Elena_flag.png"
        },
        {
            "provincia": "Santo Domingo de los Tsáchilas",
            "url": "https://es.wikipedia.org/wiki/Provincia_de_Santo_Domingo_de_los_Ts%C3%A1chilas",
            "img": "https://upload.wikimedia.org/wikipedia/commons/thumb/b/b2/Bandera_Provincia_Santo_Domingo_de_los_Ts%C3%A1chilas.svg/120px-Bandera_Provincia_Santo_Domingo_de_los_Ts%C3%A1chilas.svg.png"
        },
        {
            "provincia": "Sucumbíos",
            "url": "https://es.wikipedia.org/wiki/Provincia_de_Sucumb%C3%ADos",
            "img": "https://upload.wikimedia.org/wikipedia/commons/thumb/c/c0/Bandera_Provincia_Sucumb%C3%ADos.svg/120px-Bandera_Provincia_Sucumb%C3%ADos.svg.png"
        },
        {
            "provincia": "Tungurahua",
            "url": "https://es.wikipedia.org/wiki/Provincia_de_Tungurahua",
            "img": "https://upload.wikimedia.org/wikipedia/commons/thumb/6/62/Bandera_Provincia_Tungurahua.svg/120px-Bandera_Provincia_Tungurahua.svg.png"
        },
        {
            "provincia": "Zamora Chinchipe",
            "url": "https://es.wikipedia.org/wiki/Provincia_de_Zamora_Chinchipe",
            "img": "https://upload.wikimedia.org/wikipedia/commons/thumb/5/58/Bandera_Provincia_Zamora_Chinchipe.svg/120px-Bandera_Provincia_Zamora_Chinchipe.svg.png"
        }
    ]
}